precio,enganche_porcentaje,tasa_interes_anual,plazo_meses,max_atraso_dias,supera_90_dias,edad,estado_civil,vivienda_no_propia,ingresos_mensuales,gastos_mensuales,dependientes_economicos,escolaridad_licenciatura,credito_max_otorgado,creditos_activos,atraso_max_otras_instituciones,score_crediticio,saldo_impago_final,dias_morosidad_final_periodo,contactos_cobranzas,score_post_evento,ingreso_disponible,ratio_ingreso_gasto,enganche_monto,credito_max_log,ingresos_normalizados,ruido_gaussiano,ruido_uniforme,variable_constante,hash_random,colonia_cliente,id_ejecutivo,comentarios_analista,mes_originacion,trimestre,inflacion_mes_originacion,inflacion_mes_12_posterior
45000,0.2,80,,25,0,45,union libre,0,18700,11100,0,0,,,,,0,0,-0.027683594,,7550.211165603243,1.6789201417083703,8621.754858691926,,-0.553433682,1.2635780526483325,0.5206634280806322,1,11800489410637319214,Del Valle,EJEC_103,Sin comentarios,,2,4.653919523564327,6.116498162650425
50000,0.3,60,6,-1,1,36,divorciado,0,12900,10200,0,1,,,,,33526.88886,150,2.0002325265591705,,2670.0449932724296,1.2608756445546923,15447.815499402568,,-0.942298871,0.9866007262720076,0.5666320240494294,1,4022292462495950711,Roma,EJEC_243,Buen historial,5,2,4.400380099856421,4.4440578257899475
51000,0.4,80,12,173,0,47,casado,0,36800,16600,0,0,,0,83,627,0,0,0.0329165,625.9611544057925,20252.81757589905,2.221181807715468,20651.94202738532,11.289616665867564,0.6712330598526732,1.0274411325315038,0.8279049793059393,1,15191846853163486395,Polanco,EJEC_020,Perfil incierto,2,1,4.174617175899025,4.9167064729756484
